seq,length,kd,hm,charge
RVKRVWPLVIRTVIAGYNLYRAIKKK,26,-0.06923076923076929,1.0777306692498991,8.0
AGWGSIFKHIFKAGKFIHGFIQAHND,26,-0.019230769230769267,1.0987450516664272,2.3000000000000003
KFKKLFKYLSPEIGKEFKAIVERIARFLD,29,-0.2275862068965517,1.7859670790165183,4.0
FLSLFLAALPKFLCLVFKKC,20,1.6350000000000002,1.09154652371649,3.0
FLRSIVGALASACPSLISKIRN,22,0.8272727272727273,1.5883342006299983,3.0
FLPFHKSILGKIY,13,0.5461538461538461,1.2382537718762214,2.1
GFMGTAKCGAKNVAVTLLDKLKCKITGGC,29,0.389655172413793,0.5981477025750456,4.0
RFGRFLRKIARFRPKVHITIQGSARFG,27,-0.3518518518518519,1.2227655692627795,8.1
FLPCIKPSIVTVLSSFLKQG,20,0.9450000000000001,1.1382152984043623,2.0
GFFRTVFKAGKGIVCGLTGLF,21,0.9666666666666666,1.4552549121303673,3.0
GLVRKGGEKFGEKLRKIFQKIKEFFQKLALEIEM,34,-0.42941176470588216,1.6521817648676125,4.0
LFCGKGTCHFGGCPAHLVKVGRCMGFRACCTWPWDV,36,0.3777777777777777,0.3271810116823833,3.2
SAKIVKTTIKASDKLCRGFTLTCGCHFTGKK,31,-0.10967741935483873,0.7930671921013377,6.1
GFGCPFNQGACHRFCRSIGRRGGYCAGLFKQTCNCYSR,38,-0.38947368421052636,0.9469962249306954,6.1
SFLTTVKKYVTNCDNCAGTVIDTIKCKKTGGCRT,34,-0.1823529411764706,1.1434963966588951,4.0
